<?xml version="1.0" encoding="UTF-8"?>
<project-private xmlns="http://www.netbeans.org/ns/project-private/1">
    <data xmlns="http://www.netbeans.org/ns/make-project-private/1">
        <activeConfTypeElem>1</activeConfTypeElem>
        <activeConfIndexElem>0</activeConfIndexElem>
    </data>
    <editor-bookmarks xmlns="http://www.netbeans.org/ns/editor-bookmarks/2" lastBookmarkId="0"/>
    <open-files xmlns="http://www.netbeans.org/ns/projectui-open-files/2">
        <group>
            <file>file:/C:/Users/Dasha/Documents/NetBeansProjects/335_Proj03/PrintVisitor.h</file>
            <file>file:/C:/Users/Dasha/Documents/NetBeansProjects/335_Proj03/Department.h</file>
            <file>file:/C:/Users/Dasha/Documents/NetBeansProjects/335_Proj03/Group.h</file>
            <file>file:/C:/Users/Dasha/Documents/NetBeansProjects/335_Proj03/SumsalaryVisitor.h</file>
            <file>file:/C:/Users/Dasha/Documents/NetBeansProjects/335_Proj03/Visitor.h</file>
            <file>file:/C:/Users/Dasha/Documents/NetBeansProjects/335_Proj03/main.cpp</file>
            <file>file:/C:/Users/Dasha/Documents/NetBeansProjects/335_Proj03/Employee.h</file>
            <file>file:/C:/Users/Dasha/Documents/NetBeansProjects/335_Proj03/Manager.h</file>
        </group>
    </open-files>
</project-private>
